image_name,source_frame,time_s,sharpness,motion_score,baseline_m,parallax_px,tracked_fraction,geometry_score
frame_0000.jpg,0,0.0,843.129044684347,0.0,0.0,0.0,1.0,1.0
frame_0001.jpg,52,1.7350666666666668,620.0385749359323,6.661180555555555,0.9194880745827202,0.8761714100837708,0.9722222222222222,0.5569805048810829
frame_0002.jpg,82,2.736066666666667,652.8653864883252,6.945833333333334,3.8730794334341523,1.8598874807357788,1.0,0.751268083716323
frame_0003.jpg,112,3.7370666666666668,704.4476393509026,13.950486111111111,5.980864701967472,9.824935913085938,1.0,0.9999999999999999
frame_0004.jpg,142,4.738066666666667,764.0830934024871,9.344513888888889,7.150285270298945,4.591832637786865,1.0,0.9147958159446715
frame_0005.jpg,171,5.7057,756.2304586226178,11.218263888888888,7.590084595187449,4.436832904815674,0.925,0.9044179456261973
frame_0006.jpg,201,6.7067000000000005,971.7627086043656,12.00798611111111,7.628497738541072,4.008824825286865,0.9787234042553191,0.8970217707530364
frame_0007.jpg,231,7.7077,1066.7633499625356,12.956180555555555,7.44979344419272,6.203617095947266,0.92,0.9484801640693499
frame_0008.jpg,261,8.7087,1266.1786172435834,10.83625,6.945297521219493,3.1440680027008057,1.0,0.8759472947143759
frame_0009.jpg,291,9.7097,1407.2634576912583,12.074375,6.929244711546948,4.302131175994873,1.0,0.9039144084296453
frame_0010.jpg,321,10.710700000000001,1405.6724978420962,22.53965277777778,6.678115130870203,18.290124893188477,0.9130434782608695,0.9896864164386651
frame_0011.jpg,350,11.678333333333333,1587.7374726133437,18.57777777777778,6.151002687014056,11.791631698608398,0.961038961038961,0.9971779243614639
frame_0012.jpg,380,12.679333333333334,1536.6239638402133,20.375069444444446,6.050963971313335,12.327980995178223,1.0,0.9979169176387112
frame_0013.jpg,410,13.680333333333333,1466.70391979065,16.55909722222222,6.20563095814948,7.751332759857178,0.9888888888888889,0.9914602223693462
frame_0014.jpg,440,14.681333333333333,1388.9265943897208,19.44097222222222,5.8411996868551235,8.699148178100586,0.9803921568627451,0.9999999999999999
frame_0015.jpg,470,15.682333333333334,1411.0254873133385,15.029930555555556,6.108576506103431,5.0818400382995605,0.9714285714285714,0.9270460009574889
frame_0016.jpg,499,16.649966666666668,1245.0645764223448,12.175902777777777,5.674547748217927,3.080832004547119,0.9056603773584906,0.8708158961227281
frame_0017.jpg,529,17.650966666666665,1279.384609174713,10.792777777777777,5.8012841277529255,2.5634729862213135,0.9901960784313726,0.8568952800701578
frame_0018.jpg,559,18.651966666666667,1602.9866004129105,28.014375,5.55219455575914,6.552812576293945,0.9174311926605505,0.9595524557003753
frame_0019.jpg,589,19.652966666666668,1789.5440656296198,34.72708333333333,5.735951720391949,8.014202117919922,0.990909090909091,0.9916888105370846
frame_0020.jpg,619,20.653966666666665,1959.384504411119,28.20013888888889,6.086554376008216,4.609726905822754,0.975609756097561,0.9027844295378996
frame_0021.jpg,649,21.654966666666667,1959.8290552661356,21.14548611111111,5.86419009734193,4.497340202331543,0.8782051282051282,0.8997716155491636
frame_0022.jpg,678,22.622600000000002,2370.738012009098,19.193125,5.248016578400677,3.538177490234375,0.920863309352518,0.8738497057492608
frame_0023.jpg,708,23.6236,2356.60382422595,19.344930555555557,5.114983303776776,4.413273811340332,0.9565217391304348,0.8885791373788948
frame_0024.jpg,738,24.6246,2374.21730217717,20.63423611111111,5.500862489918466,3.2898013591766357,0.9280575539568345,0.881483565389429
frame_0025.jpg,768,25.625600000000002,2423.518036741042,21.64375,5.534809540056459,3.503774642944336,0.9933333333333333,0.8875943660736083
frame_0026.jpg,798,26.6266,2430.135969140818,23.538055555555555,5.717756528591633,3.6767101287841797,1.0,0.8919177532196044
frame_0027.jpg,828,27.6276,2420.2083558907384,23.914930555555557,5.847554549645842,4.429589748382568,0.9807692307692307,0.9107397437095641
frame_0028.jpg,857,28.595233333333333,2065.1789339077977,24.99388888888889,5.529948134504352,5.092576503753662,0.9869281045751634,0.9143441361430144
frame_0029.jpg,887,29.596233333333334,1875.2895153198053,35.65020833333333,5.599936535503905,11.248355865478516,0.8,0.9847302086538284
frame_0030.jpg,917,30.597233333333335,1710.6804419546443,30.644791666666666,5.681427825397388,6.956728935241699,0.9647887323943662,0.9589705510542723
frame_0031.jpg,947,31.598233333333333,1498.6761473552199,29.226041666666667,5.854405842276166,7.568150043487549,0.9448275862068966,0.9723372515550633
frame_0032.jpg,977,32.59923333333333,1299.7090094259042,27.952708333333334,6.108547839882177,5.735879421234131,0.9444444444444444,0.9269928158825297
frame_0033.jpg,1006,33.56686666666667,1353.1306421221425,31.03798611111111,5.584361122863629,7.773703575134277,0.9104477611940298,0.9868655349950675
frame_0034.jpg,1036,34.56786666666667,1291.8616140185,25.636388888888888,5.320527846112529,4.636963367462158,1.0,0.9040489200095236
frame_0035.jpg,1066,35.568866666666665,1207.263000870477,23.676875,5.086286445341681,4.181158065795898,0.9338235294117647,0.8766725775277578
frame_0036.jpg,1096,36.56986666666667,1123.0996271699046,21.522916666666667,4.803397674826502,3.4986495971679688,0.95,0.8447046265535614
frame_0037.jpg,1126,37.57086666666667,978.0468383728022,22.053472222222222,4.769606687886411,3.444179058074951,0.9787234042553191,0.8380642944265353
frame_0038.jpg,1156,38.571866666666665,940.8203480967514,22.44451388888889,4.757737343999734,3.2989869117736816,0.9391891891891891,0.8360741555657598
frame_0039.jpg,1185,39.539500000000004,665.9043098526319,26.019791666666666,4.222231722478608,5.777266979217529,0.9148936170212766,0.8533174687680474
frame_0040.jpg,1215,40.5405,712.4994862304499,29.473263888888887,3.962918865675433,7.858013153076172,0.9558823529411765,0.8918457743736541
frame_0041.jpg,1245,41.5415,812.4308151334808,26.99861111111111,4.228171026907599,5.887148857116699,0.9671052631578947,0.8583154933647102
frame_0042.jpg,1275,42.542500000000004,888.3920970752581,27.185069444444444,4.279913085022669,5.164976596832275,0.974025974025974,0.8419694590364905
frame_0043.jpg,1305,43.5435,1000.7834319264554,25.545902777777776,4.56367559375132,3.52117919921875,0.9875,0.8173676872019268
frame_0044.jpg,1334,44.51113333333333,1123.5998672506264,29.44333333333333,4.858387373130148,6.930830001831055,0.9807692307692307,0.920986366597687
frame_0045.jpg,1364,45.51213333333333,1144.0035473200785,29.307916666666667,5.648386692414944,6.8533124923706055,0.80625,0.971332812309265
frame_0046.jpg,1394,46.513133333333336,1069.8016870165422,30.185902777777777,6.347170767925395,13.613698959350586,0.78125,0.9968705896348843
frame_0047.jpg,1424,47.514133333333334,992.3013249431789,31.022569444444443,6.2219898355370455,11.881086349487305,0.76,0.9969320316637199
frame_0048.jpg,1454,48.51513333333333,907.4966768819841,29.159305555555555,5.3516079332282285,10.314056396484375,0.925,0.9911193111182691
frame_0049.jpg,1484,49.516133333333336,878.7695931080227,26.31763888888889,4.086552505204911,7.638019561767578,0.9722222222222222,0.9124919123095188
frame_0050.jpg,1513,50.48376666666667,746.2536853879758,23.108888888888888,3.48897561513105,6.201417922973633,0.9936305732484076,0.8361800749915617
frame_0051.jpg,1543,51.484766666666665,675.2404336804879,21.687291666666667,1.8822474188662048,3.8187832832336426,1.0,0.6880447455942181
frame_0052.jpg,1573,52.48576666666667,647.1626397773028,20.709027777777777,1.5591891248796381,3.265639066696167,1.0,0.6571879051470614
frame_0053.jpg,1603,53.48676666666667,591.684999486763,20.22048611111111,2.504660802710285,4.02230167388916,0.9814814814814815,0.7263963207221024
frame_0054.jpg,1633,54.487766666666666,536.841285905197,20.451944444444443,3.2947407159717077,5.1442413330078125,0.9791666666666666,0.7969979351614115
frame_0055.jpg,1662,55.455400000000004,516.5330742215684,19.618680555555557,3.6484050021194547,5.175006866455078,1.0,0.8187907404798073
frame_0056.jpg,1692,56.4564,459.2781732014938,18.35263888888889,4.08560892844608,5.3630218505859375,0.9523809523809523,0.850315241859924
frame_0057.jpg,1722,57.4574,450.98829263972937,14.35875,2.585634033852482,2.943707227706909,0.9834710743801653,0.7141362302794583
frame_0058.jpg,1752,58.458400000000005,496.6060707827798,6.244583333333333,0.22388345817612315,0.3618822991847992,1.0,0.5199392834758637
frame_0059.jpg,1782,59.4594,456.3572745491918,7.117083333333333,0.9356913529933676,1.1220368146896362,1.0,0.5747065132671546
frame_0060.jpg,1812,60.4604,478.251941288008,18.040208333333332,2.742553481800262,12.419419288635254,0.9387755102040817,0.8489039147531899
frame_0061.jpg,1841,61.42803333333333,493.4468717715836,18.659305555555555,3.9281934299599444,12.722715377807617,0.9401709401709402,0.908695527263338
frame_0062.jpg,1871,62.42903333333334,563.6026060856173,19.399375,5.019507595303345,9.304817199707031,0.9761904761904762,0.9681072828973712
frame_0063.jpg,1901,63.430033333333334,652.6485800746065,20.012777777777778,5.347539469897684,11.929211616516113,0.9761904761904762,0.9850780795269368
frame_0064.jpg,1931,64.43103333333333,681.0311053184461,21.189166666666665,5.489077145274209,12.423163414001465,0.9727272727272728,0.9936446031228211
frame_0065.jpg,1961,65.43203333333334,715.6434929246326,21.088680555555555,5.389551333351349,9.509572982788086,0.976,0.9892758788992567
frame_0066.jpg,1990,66.39966666666666,802.224611741685,21.172013888888888,5.384961412112855,9.55172348022461,0.9926470588235294,0.992044104268515
frame_0067.jpg,2020,67.40066666666667,814.692656304588,21.898611111111112,4.650811869668552,10.857949256896973,0.9861111111111112,0.9529970738760464
frame_0068.jpg,2050,68.40166666666667,813.0328439586355,23.170694444444443,4.008570615558382,12.446413040161133,0.9863013698630136,0.9180601289800286
frame_0069.jpg,2080,69.40266666666666,801.4191248980335,23.773819444444445,3.681876135861497,12.52503490447998,0.9477124183006536,0.8958948140600994
frame_0070.jpg,2110,70.40366666666667,839.906539351829,24.594236111111112,3.7078737763657026,11.868635177612305,0.9375,0.8983429228181529
frame_0071.jpg,2140,71.40466666666667,864.6231825592491,24.55,3.5330059097754347,11.17647933959961,0.96875,0.8886555611829708
frame_0072.jpg,2169,72.3723,823.8052767827952,20.87909722222222,2.8329016670014533,6.377121448516846,0.98125,0.8056532179636694
frame_0073.jpg,2192,73.13973333333334,1015.1743025654522,5.9181944444444445,0.37561987731763036,0.4717475175857544,1.0,0.5322268364982444
frame_0074.jpg,2229,74.3743,925.0640019752941,12.434166666666666,2.283295865355823,2.0193898677825928,1.0,0.6671958716351735
frame_0075.jpg,2259,75.3753,902.5864698808381,16.55097222222222,4.341520090181126,3.884993314743042,1.0,0.8277036984050042
frame_0076.jpg,2289,76.3763,916.598060692704,19.430138888888887,6.399617537498784,5.679184436798096,0.99375,0.9348971987669633
frame_0077.jpg,2319,77.3773,907.5319642221651,19.187986111111112,7.527088199328896,6.208637237548828,1.0,0.947007200330276
frame_0078.jpg,2348,78.34493333333333,972.0958537810822,18.63013888888889,8.095559214252123,3.6725196838378906,0.9875,0.8888837924482111
frame_0079.jpg,2378,79.34593333333333,1042.615914824895,22.751805555555556,8.62499209323752,5.773125171661377,0.9875,0.9430258554479737
frame_0080.jpg,2408,80.34693333333334,1119.6897400231649,25.277708333333333,8.926287912375422,6.900794506072998,0.96875,0.9711430133402578
frame_0081.jpg,2438,81.34793333333333,1202.4228874228395,21.154652777777777,8.913579460835313,3.793853759765625,0.99375,0.8847988496355046
frame_0082.jpg,2468,82.34893333333333,1208.359554663378,22.10763888888889,9.116249518153527,3.5855956077575684,1.0,0.8769037825481149
frame_0083.jpg,2497,83.31656666666667,1065.0225287972949,28.732916666666668,8.817828824521067,8.189777374267578,0.9625,0.9785834929521219
frame_0084.jpg,2527,84.31756666666666,1222.7594944782015,29.051666666666666,9.393260196638739,8.341279983520508,0.96875,0.9847925240920327
frame_0085.jpg,2550,85.08500000000001,1681.3005846765532,29.039444444444445,7.568622113091106,7.317104339599609,0.9625,0.9829276084899902
frame_0086.jpg,2587,86.31956666666667,1322.591510838191,24.807291666666668,11.761076917412526,6.68550968170166,0.9937106918238994,0.9650230592141688
frame_0087.jpg,2617,87.32056666666666,1518.5009357153617,26.94826388888889,7.751068765959216,10.003717422485352,1.0,0.9999999999999999
frame_0088.jpg,2647,88.32156666666667,1520.5602284633467,29.220208333333332,7.7049549544982945,10.204397201538086,0.99375,0.9975318368533003
frame_0089.jpg,2676,89.28920000000001,1552.0646826903783,31.61451388888889,7.522093448043974,10.115630149841309,0.98125,0.9993037218414428
frame_0090.jpg,2706,90.2902,1598.6268976897068,33.956875,7.79122809239992,10.54957389831543,1.0,0.9999999999999999
frame_0091.jpg,2736,91.2912,1714.9864431646124,36.88708333333334,7.569948583066289,10.288273811340332,0.99375,0.9999999999999999
frame_0092.jpg,2766,92.29220000000001,1706.4093076913953,39.680347222222224,7.513231261590842,10.084409713745117,0.9875,0.9999999999999999
frame_0093.jpg,2796,93.2932,1619.1884943505977,35.80638888888889,6.957080165411493,9.427450180053711,0.95,0.9999999999999999
frame_0094.jpg,2825,94.26083333333334,1379.8904911771845,33.193125,6.540997123726909,8.618865966796875,0.99375,0.9943746096095526
frame_0095.jpg,2855,95.26183333333333,1361.4699131794387,32.863958333333336,7.434263894655222,9.62619686126709,0.9875,0.9965881455154914
frame_0096.jpg,2885,96.26283333333333,1442.2203922543056,33.28006944444444,7.947388745432082,10.435545921325684,0.9875,0.9999999999999999
frame_0097.jpg,2915,97.26383333333334,1547.15393671483,34.12104166666666,8.260070234267893,10.762299537658691,0.95625,0.9999999999999999
frame_0098.jpg,2945,98.26483333333333,1593.4088285967027,35.387708333333336,8.573194977190845,10.888023376464844,0.86875,0.9993281941313871
frame_0099.jpg,2975,99.26583333333333,1623.4392287955332,35.535694444444445,8.642795114597835,11.044727325439453,0.95625,0.9992455161939552
frame_0100.jpg,3004,100.23346666666667,1735.291015492347,35.20701388888889,8.368241047659717,10.552977561950684,0.99375,0.9999999999999999
frame_0101.jpg,3034,101.23446666666666,1745.5447817386496,34.521388888888886,8.148762598922401,10.244160652160645,0.98125,0.9999999999999999
frame_0102.jpg,3064,102.23546666666667,1729.6198642762974,33.774375,7.809689903692478,9.738716125488281,0.99375,0.9999999999999999
frame_0103.jpg,3094,103.23646666666667,1676.967965370357,30.78798611111111,7.598492151815925,6.845953941345215,1.0,0.9711488485336303
frame_0104.jpg,3124,104.23746666666666,1654.1762911410963,27.042361111111113,7.675656603785951,3.643545627593994,1.0,0.8910886406898498
frame_0105.jpg,3153,105.2051,1537.6279480046328,24.468263888888888,7.491610253452747,2.2077479362487793,1.0,0.8551936984062194
frame_0106.jpg,3183,106.2061,1535.5481728163888,27.166180555555556,7.821188338754472,3.6352174282073975,1.0,0.8891192350462426
frame_0107.jpg,3213,107.2071,1490.6709876623245,27.025625,7.78905055132928,3.5590035915374756,0.98125,0.8843254307054166
frame_0108.jpg,3243,108.2081,1491.3521879822354,27.05576388888889,7.832841112722268,3.8251240253448486,1.0,0.8937881053258302
frame_0109.jpg,3273,109.2091,1533.7848666288864,25.625625,7.857028142131426,2.943592071533203,1.0,0.8723875778726388
frame_0110.jpg,3303,110.2101,1433.5460184747137,27.761875,7.874267828307853,4.333950996398926,0.91875,0.9029534499795474
frame_0111.jpg,3332,111.17773333333334,1587.1886211208578,27.064791666666668,7.647664751108114,4.908930778503418,0.9875,0.9227232694625854
frame_0112.jpg,3362,112.17873333333334,1481.2952415760917,27.96986111111111,7.932571116714417,6.044704437255859,0.9803921568627451,0.9511176109313965
frame_0113.jpg,3392,113.17973333333333,1353.8209317110782,27.647222222222222,7.966781218691991,6.798520088195801,1.0,0.969963002204895
frame_0114.jpg,3422,114.18073333333334,1292.7996141457184,25.187569444444446,7.992014715906636,6.210866928100586,1.0,0.9552716732025146
frame_0115.jpg,3452,115.18173333333334,1337.4730738063342,25.295347222222222,7.844310549933469,6.4711408615112305,0.9921259842519685,0.9617785215377807
frame_0116.jpg,3481,116.14936666666667,1387.6397104761406,25.05875,7.198468492637079,5.874173164367676,0.9302325581395349,0.9468543291091919
frame_0117.jpg,3511,117.15036666666667,1612.5456364925253,19.323611111111113,7.076632142904342,3.2337725162506104,1.0,0.8808443129062652
frame_0118.jpg,3541,118.15136666666668,1541.7742125759462,25.003819444444446,6.633316436587003,7.509516716003418,1.0,0.9877379179000854
frame_0119.jpg,3571,119.15236666666667,1549.5008363520842,24.29388888888889,5.856536178201738,7.110813140869141,1.0,0.9777703285217284
frame_0120.jpg,3601,120.15336666666667,1589.3972685169547,22.940625,4.771197062771482,6.017428398132324,1.0,0.9099815547636677
frame_0121.jpg,3631,121.15436666666668,1622.8338843860404,22.370416666666667,4.182864832001656,5.745952129364014,1.0,0.8711902718144792
frame_0122.jpg,3660,122.122,1826.4461477127063,22.881666666666668,3.984657023275855,5.544384002685547,1.0,0.8553688660918625
frame_0123.jpg,3690,123.123,1857.0784717518427,21.996319444444445,4.019407877411058,4.968279838562012,1.0,0.8428566554635646
frame_0124.jpg,3720,124.124,1923.1239440231202,22.211666666666666,3.9736301246761196,5.397131443023682,1.0,0.8510877056309596
frame_0125.jpg,3750,125.125,1969.4437122811078,21.598055555555554,3.9480576113911634,5.527037143707275,1.0,0.8529442424198336
frame_0126.jpg,3780,126.126,1994.9803520354496,20.286875,3.43557529419609,5.114978790283203,1.0,0.8147645269922682
frame_0127.jpg,3810,127.127,2039.247994830375,19.72513888888889,3.062651672417029,4.600736141204834,1.0,0.7816219843965961
frame_0128.jpg,3839,128.09463333333335,1601.1294463133424,18.221597222222222,2.325300177290887,3.5262351036071777,1.0,0.7080686200683081
frame_0129.jpg,3862,128.86206666666666,1854.3435986186237,13.929583333333333,1.027913038912124,1.736283540725708,1.0,0.5993239904121631
frame_0130.jpg,3899,130.09663333333333,1479.4993337525705,17.968541666666667,0.13826965303397395,2.636411190032959,1.0,0.5660896793700836
frame_0131.jpg,3914,130.59713333333335,1504.3625882436527,28.656180555555554,0.07919430369623319,10.21706485748291,0.9375,0.6992254449622705
frame_0132.jpg,3936,131.3312,1406.9252834388928,31.307986111111113,0.04196446998454056,13.737130165100098,0.8675496688741722,0.7022828031772449
frame_0133.jpg,3966,132.3322,1690.872789351614,40.21,0.1443458655582267,18.2279052734375,0.5972222222222222,0.6834135363898965
frame_0134.jpg,3996,133.3332,2416.172647929462,43.806041666666665,0.023992325672905292,27.762550354003906,0.732824427480916,0.6971119485548608
frame_0135.jpg,4026,134.3342,2670.250406538307,44.29326388888889,0.09090993340063919,29.871227264404297,0.907563025210084,0.7034721400197128
frame_0136.jpg,4056,135.33520000000001,2728.194128039327,44.70201388888889,0.09767523696496078,32.541221618652344,0.8556701030927835,0.7053133839498964
frame_0137.jpg,4085,136.30283333333333,1577.105558929877,29.380694444444444,0.1271089352052556,33.19205856323242,0.6071428571428571,0.7003211256585121
frame_0138.jpg,4115,137.30383333333333,372.0707318535864,23.515416666666667,0.10441615421375082,36.564476013183594,0.18181818181818182,0.6250947525138791
frame_0139.jpg,4152,138.5384,357.75507937959276,30.357152777777777,0.024715867736439384,21.342517852783203,0.08270676691729323,0.6070788073626412
frame_0140.jpg,4197,140.0399,503.28342253332573,35.958333333333336,0.545544623580708,30.703184127807617,0.5147058823529411,0.7004792785624092
frame_0141.jpg,4227,141.0409,508.02290701594507,6.3602083333333335,3.8118783371432357,1.2626219987869263,1.0,0.7321999099286819
frame_0142.jpg,4257,142.0419,490.10361307435767,6.761597222222222,6.096106567719559,1.086983323097229,1.0,0.8172183716992358
frame_0143.jpg,4287,143.0429,503.2158954210627,8.13513888888889,8.732071310177085,1.18134605884552,0.9857142857142858,0.8232312678532321
frame_0144.jpg,4316,144.01053333333334,544.8226094644897,9.457361111111112,10.141268259602118,1.5175678730010986,1.0,0.8368886653064456
frame_0145.jpg,4346,145.01153333333335,550.6420457462361,11.211597222222222,11.345044511640639,2.540072202682495,0.9880952380952381,0.8632106576552622
frame_0146.jpg,4376,146.01253333333332,526.148704222736,11.687013888888888,11.534223142775808,3.0778632164001465,0.9487179487179487,0.874762293970041
frame_0147.jpg,4406,147.01353333333333,556.25794686315,9.380694444444444,11.684338493840725,3.5255203247070312,0.9876543209876543,0.8881380081176757
frame_0148.jpg,4436,148.01453333333333,522.7276188908689,15.817916666666667,11.557311246646865,3.3657965660095215,0.9333333333333333,0.884144914150238
frame_0149.jpg,4466,149.01553333333334,466.3549304712718,13.809583333333334,11.606200241098254,2.420562505722046,0.9210526315789473,0.8576489716105863
frame_0150.jpg,4495,149.98316666666668,457.30004176721934,10.354305555555555,11.272031587169446,3.550884962081909,0.9692307692307692,0.8840628907992856
frame_0151.jpg,4525,150.98416666666668,502.56373355215453,11.850486111111111,12.10129156924434,3.5949597358703613,0.9861111111111112,0.8857029625127055
frame_0152.jpg,4555,151.98516666666666,529.8359654700976,10.867430555555556,11.836091220242253,4.062445163726807,0.8823529411764706,0.8939394979624461
frame_0153.jpg,4585,152.98616666666666,553.0716348372847,11.097708333333333,12.134225165940634,5.680454254150391,0.8795180722891566,0.9298513008985662
frame_0154.jpg,4615,153.98716666666667,480.8454349814333,12.472152777777778,11.80364729691734,5.731506824493408,0.8969072164948454,0.9262945995857764
frame_0155.jpg,4644,154.9548,585.021429379654,11.858125,11.688755748788168,4.159780502319336,0.9340659340659341,0.9015321141216952
frame_0156.jpg,4674,155.9558,556.4229014605487,11.011527777777777,11.852839699847122,4.556624889373779,0.9886363636363636,0.9041968579285843
frame_0157.jpg,4704,156.95680000000002,646.2902163853189,12.565902777777778,12.066420772171712,6.308794021606445,0.9545454545454546,0.9577198505401611
frame_0158.jpg,4734,157.9578,659.2696377358117,14.235,11.834291368747607,7.3291215896606445,0.978021978021978,0.9768294430132415
frame_0159.jpg,4764,158.9588,628.7606032942455,16.101111111111113,11.473698228883064,6.473976135253906,0.8723404255319149,0.9614551815670809
frame_0160.jpg,4794,159.9598,645.2248156580872,15.819236111111111,11.290846501663877,6.731432914733887,0.9882352941176471,0.966321480885237
frame_0161.jpg,4823,160.92743333333334,616.2735535946052,16.374166666666667,9.255555239964249,4.234741687774658,0.82,0.9030616358837975
frame_0162.jpg,4853,161.92843333333334,645.0383608117938,9.542916666666667,3.293397517869034,1.9108717441558838,1.0,0.7174180329581243
frame_0163.jpg,4883,162.92943333333335,548.2918590175804,7.18625,0.5279749068058086,0.7550250291824341,1.0,0.5309843959832307
frame_0164.jpg,4913,163.93043333333333,496.9542325629318,15.020208333333333,0.208392311607358,5.615434169769287,1.0,0.6283032410559489
frame_0165.jpg,4943,164.93143333333333,512.7089554301366,24.029375,0.08715760306624412,12.471688270568848,1.0,0.6862961067603567
frame_0166.jpg,4972,165.89906666666667,640.4090199598066,36.14277777777778,0.03490593424085184,23.817758560180664,0.7802197802197802,0.6944978196993047
frame_0167.jpg,4987,166.39956666666666,644.6096133941891,23.56138888888889,0.02673662514491794,13.415473937988281,0.9354838709677419,0.6837621380635731
frame_0168.jpg,5010,167.167,912.1350857573248,32.11069444444445,0.018693284367630826,20.985063552856445,0.5434782608695652,0.684628926298749
frame_0169.jpg,5040,168.168,1182.4437465166855,23.227222222222224,0.013369328656113068,33.09476852416992,0.6210526315789474,0.6962738297970004
frame_0170.jpg,5084,169.63613333333333,1161.2529990253515,22.47138888888889,0.12386040844626603,22.180526733398438,0.6352941176470588,0.7040244404111681
frame_0171.jpg,5122,170.90406666666667,1207.464613231682,18.775694444444444,0.08331612604382557,19.672494888305664,0.8111111111111111,0.7045322702114111
frame_0172.jpg,5136,171.37120000000002,1237.3326151605297,16.293958333333332,0.027139853245201677,18.589397430419922,0.9213483146067416,0.7014763666320802
frame_0173.jpg,5166,172.3722,1272.679865021882,21.861527777777777,0.035756351801578615,12.137499809265137,0.8709677419354839,0.7019450910145989
frame_0174.jpg,5196,173.3732,1166.5140354032706,36.479930555555555,0.06982512062541785,22.62186050415039,0.673469387755102,0.7037983800885353
frame_0175.jpg,5241,174.8747,662.259795342127,71.00458333333333,0.3417267226494378,26.198192596435547,0.40229885057471265,0.6703476012946744
frame_0176.jpg,5256,175.3752,753.3529816764644,26.05909722222222,0.05862661590152802,12.392415046691895,0.9568965517241379,0.7031891985077002
frame_0177.jpg,5301,176.8767,724.2998838176396,12.557083333333333,0.33051181385051465,1.5273933410644531,0.9736842105263158,0.5497441866798422
frame_0178.jpg,5330,177.84433333333334,797.8571325727778,11.15013888888889,2.066354195349339,0.9845082759857178,0.9716981132075472,0.6363392659007362
frame_0179.jpg,5360,178.84533333333334,812.1449438436784,13.924722222222222,3.8408570575988294,1.4841282367706299,0.9803921568627451,0.7453364814949551
frame_0180.jpg,5390,179.84633333333335,881.244570724401,15.177777777777777,5.234562452168806,1.8813579082489014,1.0,0.8317861631327542
frame_0181.jpg,5420,180.84733333333332,1145.658058296486,16.592291666666668,5.573845987287532,3.9659857749938965,0.9798657718120806,0.8991496443748473
frame_0182.jpg,5450,181.84833333333333,1138.305689313062,15.04701388888889,6.455530887244399,4.670060634613037,0.8618421052631579,0.9167515158653259
frame_0183.jpg,5479,182.81596666666667,829.4416307737666,13.22861111111111,6.54639223327656,2.589606523513794,0.9064748201438849,0.8528625077012161
frame_0184.jpg,5509,183.81696666666667,591.9863247080078,15.300972222222223,8.418431614090204,3.111102342605591,0.8833333333333333,0.8590284524726794
frame_0185.jpg,5539,184.81796666666668,570.0184277661227,14.432708333333334,8.461664004561746,5.326371192932129,0.9920634920634921,0.9195056177305344
frame_0186.jpg,5569,185.81896666666668,586.0982059938023,14.499097222222222,7.722289873103411,2.805828332901001,0.9130434782608695,0.8603512886802341
frame_0187.jpg,5599,186.81996666666666,719.8712173637216,14.741736111111111,7.42234643646426,3.455038547515869,0.9428571428571428,0.8801249034822493
frame_0188.jpg,5629,187.82096666666666,884.8285546614,13.623055555555556,6.65832503377401,2.6656997203826904,0.9477124183006536,0.8599110669627058
frame_0189.jpg,5658,188.7886,1292.0870093899996,14.29298611111111,6.188347707834657,2.5488736629486084,0.9,0.8637218415737151
frame_0190.jpg,5688,189.7896,1302.4111587880961,14.228333333333333,6.245842458403514,3.412386178970337,0.9423076923076923,0.8819374996106496
frame_0191.jpg,5718,190.7906,880.2948720345059,14.87888888888889,6.040494405517294,3.6799659729003906,0.9487179487179487,0.874283422873311
frame_0192.jpg,5748,191.79160000000002,753.0139264501494,14.612708333333334,5.884723724691819,3.258556604385376,0.9371069182389937,0.877506806654473
frame_0193.jpg,5778,192.7926,751.4520172592864,15.235416666666667,6.298336235341827,3.766059398651123,0.9436619718309859,0.8932079424433578
frame_0194.jpg,5807,193.76023333333333,719.0402964469546,16.545277777777777,6.150806398624689,3.386695146560669,0.8716216216216216,0.8787642986947684
frame_0195.jpg,5837,194.76123333333334,826.0014033130785,17.75625,6.404004117881303,5.331752777099609,0.95,0.9220826680112238
frame_0196.jpg,5867,195.76223333333334,985.4201014391961,17.948888888888888,6.244850549557503,5.892730712890625,0.95,0.9349146203191103
frame_0197.jpg,5897,196.76323333333335,1012.7026742840462,18.95638888888889,5.8177337016799715,4.851438045501709,0.925,0.9036862503110664
frame_0198.jpg,5927,197.76423333333335,1008.5322839117351,17.83298611111111,5.700866942424647,4.187952518463135,0.952054794520548,0.8889577688611539
frame_0199.jpg,5957,198.76523333333333,938.2351750529808,18.451458333333335,5.867973206556652,3.860062599182129,0.9617834394904459,0.8783212688139435
frame_0200.jpg,5986,199.73286666666667,1016.5513579981214,19.539375,6.16452221812931,2.8211610317230225,0.8181818181818182,0.8675444853025516
frame_0201.jpg,6016,200.73386666666667,1006.3323961336004,17.35597222222222,6.77910605228855,3.9960103034973145,0.98125,0.8974124761549328
frame_0202.jpg,6046,201.73486666666668,1089.0802511327915,17.95076388888889,7.281336036131072,3.7061944007873535,0.98125,0.891274549544273
frame_0203.jpg,6076,202.73586666666668,1242.7129104746937,21.04201388888889,7.681308292002471,3.7220547199249268,0.9933774834437086,0.891325835452582
frame_0204.jpg,6106,203.73686666666666,1366.0821256306294,25.56736111111111,7.847444688345302,4.867880821228027,0.9375,0.9206732089210271
frame_0205.jpg,6135,204.7045,1326.2028113194315,30.365833333333335,8.401646829666312,5.478518486022949,0.9625,0.9281987092414422
frame_0206.jpg,6165,205.7055,1632.055962465148,34.66555555555556,8.345196526572948,6.281845569610596,0.91875,0.936105866820821
frame_0207.jpg,6195,206.7065,2000.1599853258092,36.049791666666664,7.550063503015432,5.91848087310791,0.8481012658227848,0.9285549079117886
frame_0208.jpg,6225,207.7075,2215.2839268590637,30.164166666666667,7.095680320369324,5.172391891479492,0.96,0.9095359272232142
frame_0209.jpg,6255,208.70850000000002,1987.030564488166,27.360833333333332,6.950538862745386,4.3859405517578125,0.90625,0.8860626834118467
frame_0210.jpg,6285,209.7095,2000.4781385030253,26.959305555555556,6.682930502428264,5.181994438171387,0.9625,0.9069846882405727
frame_0211.jpg,6314,210.67713333333333,2676.015537067461,31.76798611111111,6.190543002050317,6.131364822387695,0.975,0.9532841205596924
frame_0212.jpg,6344,211.67813333333334,2535.636772270129,29.778055555555557,5.4793684435731125,5.711576461791992,0.95,0.9385345886299098
frame_0213.jpg,6374,212.67913333333334,2797.6041273774335,28.720833333333335,4.947898030707822,5.61787748336792,0.91875,0.909605045106173
frame_0214.jpg,6404,213.68013333333334,2896.0358752878997,28.97659722222222,4.43853368287854,5.877053260803223,0.90625,0.888289589365861
frame_0215.jpg,6434,214.68113333333335,2827.8748507944088,26.243194444444445,4.697177013322578,5.977629661560059,0.95,0.9041898312572914
frame_0216.jpg,6463,215.64876666666666,2383.6873384312576,24.391111111111112,3.653942573893268,5.950139999389648,0.99375,0.8387530677042212
frame_0217.jpg,6493,216.64976666666666,2432.286848763642,22.858402777777776,3.9542174941405643,5.157632827758789,0.98125,0.8360967657381598
frame_0218.jpg,6523,217.65076666666667,2377.1985957755683,18.830694444444443,3.230445758000314,3.7027578353881836,1.0,0.7598906301590663
frame_0219.jpg,6553,218.65176666666667,2317.3172898749167,22.90951388888889,4.6832635178193085,6.184329032897949,0.975,0.9003388114219402
frame_0220.jpg,6583,219.65276666666668,2415.5750601653854,23.249513888888888,5.759060315496943,7.461234092712402,0.975,0.9794662431272703
frame_0221.jpg,6613,220.65376666666668,2523.731075847793,21.61,6.222853654499843,7.2728729248046875,0.95,0.9769017993318577
frame_0222.jpg,6642,221.6214,3054.022470873071,23.711319444444445,5.816573987427837,7.091056823730469,0.93125,0.9772764205932617
frame_0223.jpg,6672,222.6224,3587.3790448291747,24.24388888888889,5.903444152430698,7.341885566711426,0.9,0.9835471391677856
frame_0224.jpg,6702,223.6234,3543.151536424038,22.103680555555556,5.0041683200801,7.394025802612305,0.85,0.957069771024858
frame_0225.jpg,6732,224.6244,3554.540773669455,19.658472222222223,4.094368413397185,7.442436218261719,0.98125,0.9075942297369529
frame_0226.jpg,6762,225.6254,3697.389118009876,19.366180555555555,4.761902633570813,6.994203567504883,0.9,0.9318475992561844
frame_0227.jpg,6792,226.62640000000002,3479.6835980051524,18.50548611111111,5.028399717354836,7.634273052215576,0.95625,0.9609095262085193
frame_0228.jpg,6821,227.59403333333333,2768.216501211055,18.01298611111111,4.396847670201771,6.817226409912109,0.9875,0.8991601380243116
frame_0229.jpg,6851,228.59503333333333,2520.270661852016,16.822847222222222,4.907711822329141,7.493692398071289,0.9875,0.9437285358323467
frame_0230.jpg,6881,229.59603333333334,2127.7086805340623,17.332361111111112,6.440745411514243,8.905562400817871,0.9375,0.9881496090050309
frame_0231.jpg,6911,230.59703333333334,1928.6114461834004,16.711805555555557,6.709708133669559,8.21232795715332,0.88125,0.9886605298946066
frame_0232.jpg,6941,231.59803333333335,1646.4509635299985,16.243680555555557,6.982221102283933,8.531256675720215,0.94375,0.9861651460282742
frame_0233.jpg,6970,232.56566666666666,1646.5420097714295,17.029652777777777,6.787164778815343,8.696348190307617,0.96875,0.9939360871027506
frame_0234.jpg,7000,233.56666666666666,1387.187506768957,15.721805555555555,5.4647552464808005,7.893854141235352,0.9865771812080537,0.9878195560103671
frame_0235.jpg,7030,234.56766666666667,1194.2916578675486,15.490625,5.607118419257839,2.8390865325927734,0.8920863309352518,0.8657067470626948
frame_0236.jpg,7060,235.56866666666667,1100.4123751472794,13.643680555555555,5.871399604123663,1.9452615976333618,0.8650793650793651,0.8427811500300366
frame_0237.jpg,7090,236.56966666666668,1078.2319674407572,10.847916666666666,5.579615138893873,3.3340227603912354,0.9829059829059829,0.8787906170625218
frame_0238.jpg,7120,237.57066666666668,1029.108211239299,9.712708333333333,4.9210097339509735,1.9045897722244263,0.9652173913043478,0.8096045147908519
frame_0239.jpg,7149,238.5383,923.9239631027266,8.086527777777778,3.8349625203900835,1.3729063272476196,1.0,0.7339397438739522
frame_0240.jpg,7179,239.5393,873.1018053654057,7.923125,3.9390374986903454,1.2712126970291138,1.0,0.735188624683824
frame_0241.jpg,7209,240.5403,890.4875197961875,7.346388888888889,3.9663880689432083,1.2435436248779297,1.0,0.7381151625015865
frame_0242.jpg,7239,241.5413,856.3447376132963,8.7,4.08086379655084,1.5078078508377075,1.0,0.7525686825338326
frame_0243.jpg,7269,242.5423,841.8018329114122,9.041805555555555,4.203712248892222,1.7716248035430908,1.0,0.76456657965635
frame_0244.jpg,7298,243.50993333333335,916.3902203480478,8.98076388888889,4.241868286344513,1.3514448404312134,1.0,0.7611390625500115
frame_0245.jpg,7328,244.51093333333333,887.9162028713126,9.226458333333333,4.676533570148961,1.5111174583435059,1.0,0.7885908429628725
frame_0246.jpg,7358,245.51193333333333,835.1893142799431,10.025902777777778,5.570985084863977,1.60882568359375,0.9919354838709677,0.8366816021680044
frame_0247.jpg,7388,246.51293333333334,800.5356026229213,10.329930555555556,6.143488272408163,1.698734998703003,1.0,0.8299514425376002
frame_0248.jpg,7418,247.51393333333334,811.865523166665,10.407013888888889,6.423052236451771,2.1645336151123047,0.9867549668874173,0.8428287809979814
frame_0249.jpg,7448,248.51493333333335,831.1530515021155,9.869027777777777,3.443163619759772,1.9183039665222168,1.0,0.724870454709684
frame_0250.jpg,7470,249.249,999.3999468858428,4.554305555555556,0.40925864397553074,0.29632413387298584,1.0,0.5296711495172274
frame_0251.jpg,7507,250.48356666666666,688.2937813629255,19.647569444444443,0.695201232981325,9.925310134887695,0.8839285714285714,0.7176480881249766
frame_0252.jpg,7530,251.251,921.0024130919064,22.200902777777777,0.3058834086955773,16.947355270385742,0.8584070796460177,0.7166395910038664
